id,timestamp,ticker,close_price,provider,model,action,confidence,regime_assessment,key_drivers,reasoning,raw_response,error,target_exposure
1,2026-04-17T20:30:00+00:00,SPY,701.66,claude,claude-opus-4-7,HOLD,MEDIUM,BULL,"[""SPY at all-time highs on Iran end-of-war hopes"", ""Strong Q1 earnings tailwind, 18% CY2026 EPS growth expected"", ""Short-term overbought: 7 up days, +11% in 20 sessions, 'too far too fast' warnings""]","Trend is clearly bullish with new ATHs on geopolitical de-escalation and strong earnings/rate-cut backdrop, favoring holding the long. But SPY has risen ~11% in 20 sessions with 7 consecutive green days — short-term overbought and pullback risk is elevated. Hold existing 141 shares rather than add; no edge to sell into confirmed uptrend.","{
  ""action"": ""HOLD"",
  ""confidence"": ""MEDIUM"",
  ""regime_assessment"": ""BULL"",
  ""key_drivers"": [""SPY at all-time highs on Iran end-of-war hopes"", ""Strong Q1 earnings tailwind, 18% CY2026 EPS growth expected"", ""Short-term overbought: 7 up days, +11% in 20 sessions, 'too far too fast' warnings""],
  ""reasoning"": ""Trend is clearly bullish with new ATHs on geopolitical de-escalation and strong earnings/rate-cut backdrop, favoring holding the long. But SPY has risen ~11% in 20 sessions with 7 consecutive green days — short-term overbought and pullback risk is elevated. Hold existing 141 shares rather than add; no edge to sell into confirmed uptrend.""
}",,
2,2026-04-17T20:30:00+00:00,SPY,701.66,openai,gpt-5.4,HOLD,LOW,CHOPPY,"[""Sharp 11% rebound in 20 sessions"", ""March CPI re-accelerated to 3.3% YoY, 0.9% MoM"", ""SPY extended above short-term trend after vertical run""]","Price action is strongly bullish short term, but the move from 631.97 to 701.66 is very stretched and recent inflation data was hot, which can pressure rates and cap upside. With you already long, risk/reward into the next close looks mixed rather than favorable for adding or exiting.","{""action"":""HOLD"",""confidence"":""LOW"",""regime_assessment"":""CHOPPY"",""key_drivers"":[""Sharp 11% rebound in 20 sessions"",""March CPI re-accelerated to 3.3% YoY, 0.9% MoM"",""SPY extended above short-term trend after vertical run""],""reasoning"":""Price action is strongly bullish short term, but the move from 631.97 to 701.66 is very stretched and recent inflation data was hot, which can pressure rates and cap upside. With you already long, risk/reward into the next close looks mixed rather than favorable for adding or exiting.""}",,
3,2026-04-17T20:30:00+00:00,SPY,701.66,claude,claude-opus-4-7,SELL,MEDIUM,BULL,"[""Iran ceasefire + Strait of Hormuz reopened driving record highs"", ""SPY +11% in 20 sessions - extended/overbought"", ""Oil plunge easing inflation fears, Fed dovish bias""]","Tape is bullish: S&P 500 at ATH on Iran ceasefire, oil plunging, peace deal talks. But SPY rallied ~11% in 20 sessions into record highs — short-term overbought after parabolic recovery. Trim from 97% to 90% to lock gains while staying net long; geopolitical relapse risk remains (mines, Hezbollah ceasefire fragility).","{
  ""action"": ""SELL"",
  ""target_exposure"": 0.90,
  ""confidence"": ""MEDIUM"",
  ""regime_assessment"": ""BULL"",
  ""key_drivers"": [""Iran ceasefire + Strait of Hormuz reopened driving record highs"", ""SPY +11% in 20 sessions - extended/overbought"", ""Oil plunge easing inflation fears, Fed dovish bias""],
  ""reasoning"": ""Tape is bullish: S&P 500 at ATH on Iran ceasefire, oil plunging, peace deal talks. But SPY rallied ~11% in 20 sessions into record highs — short-term overbought after parabolic recovery. Trim from 97% to 90% to lock gains while staying net long; geopolitical relapse risk remains (mines, Hezbollah ceasefire fragility).""
}",,0.9
4,2026-04-17T20:30:00+00:00,SPY,701.66,openai,gpt-5.4,SELL,MEDIUM,BULL,"[""Overextended 11% rebound to highs"", ""Fed still on hold before Apr 28-29 meeting"", ""Hot headline CPI driven by energy""]","Trend is bullish with SPY up 6.3% in 20 sessions and 11.0% off the recent low, but exposure is already near max after a sharp run into highs. The Fed kept rates at 3.50%-3.75% and March CPI rose 3.3% y/y with a 10.9% m/m energy spike, so event/macro risk argues for trimming rather than adding.","{""action"":""SELL"",""target_exposure"":0.8,""confidence"":""MEDIUM"",""regime_assessment"":""BULL"",""key_drivers"":[""Overextended 11% rebound to highs"",""Fed still on hold before Apr 28-29 meeting"",""Hot headline CPI driven by energy""],""reasoning"":""Trend is bullish with SPY up 6.3% in 20 sessions and 11.0% off the recent low, but exposure is already near max after a sharp run into highs. The Fed kept rates at 3.50%-3.75% and March CPI rose 3.3% y/y with a 10.9% m/m energy spike, so event/macro risk argues for trimming rather than adding.""}",,0.8
5,2026-04-21T20:30:27.928205+00:00,SPY,704.08,claude,claude-opus-4-7,SELL,MEDIUM,BULL,"[""overbought after +7.8% 20-day rally"", ""ceasefire deadline Wednesday event risk"", ""SPY at/near all-time highs, slight pullback from $710""]",Uptrend intact but extended; market technically overbought after sharp 8% rally. Ceasefire expires Wed with Iran/blockade tensions and Fed nominee hearing create binary event risk. Trim from 98% to 80% to lock gains while staying long the bull regime.,"{
  ""action"": ""SELL"",
  ""target_exposure"": 0.80,
  ""confidence"": ""MEDIUM"",
  ""regime_assessment"": ""BULL"",
  ""key_drivers"": [""overbought after +7.8% 20-day rally"", ""ceasefire deadline Wednesday event risk"", ""SPY at/near all-time highs, slight pullback from $710""],
  ""reasoning"": ""Uptrend intact but extended; market technically overbought after sharp 8% rally. Ceasefire expires Wed with Iran/blockade tensions and Fed nominee hearing create binary event risk. Trim from 98% to 80% to lock gains while staying long the bull regime.""
}",,0.8
6,2026-04-21T20:30:27.928205+00:00,SPY,704.08,openai,gpt-5.4,HOLD,LOW,BULL,"[""Strong uptrend, minor pullback"", ""Near fully invested already"", ""Macro/Fed uncertainty still elevated""]","SPY has rallied ~11% from the recent low and remains above its short-term trend despite today’s mild fade. Current 0.98 exposure is effectively full. With bullish momentum intact but policy/macro uncertainty still present, the best next close-to-close call is to hold near max exposure rather than add risk aggressively.","{""action"":""HOLD"",""target_exposure"":1.0,""confidence"":""LOW"",""regime_assessment"":""BULL"",""key_drivers"":[""Strong uptrend, minor pullback"",""Near fully invested already"",""Macro/Fed uncertainty still elevated""],""reasoning"":""SPY has rallied ~11% from the recent low and remains above its short-term trend despite today’s mild fade. Current 0.98 exposure is effectively full. With bullish momentum intact but policy/macro uncertainty still present, the best next close-to-close call is to hold near max exposure rather than add risk aggressively.""}",,1.0
7,2026-04-22T20:33:36.753250+00:00,SPY,711.21,claude,claude-opus-4-7,SELL,MEDIUM,BULL,"[""Overbought after +12% 20-day rally to ATH"", ""Ceasefire-driven melt-up, RSI>70"", ""Sticky inflation limits Fed cuts""]",Strong uptrend but SPY is extended: ~12% gain in 20 sessions to new highs with RSI breaking 70 first time in 6mo. Ceasefire optimism already priced; sticky 3-4% CPI caps Fed easing. Trim from 98% to 85% to lock some gains while staying long the bull trend.,"{
  ""action"": ""SELL"",
  ""target_exposure"": 0.85,
  ""confidence"": ""MEDIUM"",
  ""regime_assessment"": ""BULL"",
  ""key_drivers"": [""Overbought after +12% 20-day rally to ATH"", ""Ceasefire-driven melt-up, RSI>70"", ""Sticky inflation limits Fed cuts""],
  ""reasoning"": ""Strong uptrend but SPY is extended: ~12% gain in 20 sessions to new highs with RSI breaking 70 first time in 6mo. Ceasefire optimism already priced; sticky 3-4% CPI caps Fed easing. Trim from 98% to 85% to lock some gains while staying long the bull trend.""
}",,0.85
8,2026-04-22T20:33:36.753250+00:00,SPY,711.21,openai,gpt-5.4,HOLD,LOW,CHOPPY,"[""Strong short-term momentum"", ""Geopolitical/Fed headline risk"", ""Near-full current exposure""]","SPY is up ~8.3% in 20 sessions and pressing highs, supported by upbeat tech earnings and easing Iran risk, but Fed/Beige Book, inflation-sensitive yields, and geopolitics keep next-day risk two-sided. With exposure already at 98%, edge to add or cut is weak.","{""action"":""HOLD"",""target_exposure"":0.98,""confidence"":""LOW"",""regime_assessment"":""CHOPPY"",""key_drivers"":[""Strong short-term momentum"",""Geopolitical/Fed headline risk"",""Near-full current exposure""],""reasoning"":""SPY is up ~8.3% in 20 sessions and pressing highs, supported by upbeat tech earnings and easing Iran risk, but Fed/Beige Book, inflation-sensitive yields, and geopolitics keep next-day risk two-sided. With exposure already at 98%, edge to add or cut is weak.""}",,0.98
9,2026-04-23T20:30:00+00:00,SPY,711.21,claude,claude-opus-4-7,SELL,MEDIUM,BULL,"[""SPY at/near ATH after ~8% 20-session rally, extended/overbought"", ""Iran war overhang, oil rising, no peace deadline"", ""Strong Q1 earnings (81% beat) but valuations rich""]","Uptrend intact (BULL) with strong earnings, but SPY just tagged record highs after a sharp V-recovery and is pulling back on Iran/oil risk. At 98% exposure I'm over-leveraged to a pullback. Trimming to 80% locks gains, preserves upside participation, and keeps dry powder for a dip.","{
  ""action"": ""SELL"",
  ""target_exposure"": 0.80,
  ""confidence"": ""MEDIUM"",
  ""regime_assessment"": ""BULL"",
  ""key_drivers"": [""SPY at/near ATH after ~8% 20-session rally, extended/overbought"", ""Iran war overhang, oil rising, no peace deadline"", ""Strong Q1 earnings (81% beat) but valuations rich""],
  ""reasoning"": ""Uptrend intact (BULL) with strong earnings, but SPY just tagged record highs after a sharp V-recovery and is pulling back on Iran/oil risk. At 98% exposure I'm over-leveraged to a pullback. Trimming to 80% locks gains, preserves upside participation, and keeps dry powder for a dip.""
}",,0.8
10,2026-04-23T20:30:00+00:00,SPY,711.21,openai,gpt-5.4,HOLD,LOW,CHOPPY,"[""Overbought near records"", ""Hot March CPI vs resilient jobs"", ""Earnings strong but geopolitics unresolved""]","SPY has surged ~12% in 20 sessions to near/at record highs, leaving momentum strong but short-term stretched. March CPI re-accelerated to 3.3% y/y and 0.9% m/m while jobs rebounded, reducing near-term Fed relief. Earnings expectations are supportive, but Hormuz/Iran risks keep event risk elevated, so staying near current exposure is prudent.","{""action"":""HOLD"",""target_exposure"":0.98,""confidence"":""LOW"",""regime_assessment"":""CHOPPY"",""key_drivers"":[""Overbought near records"",""Hot March CPI vs resilient jobs"",""Earnings strong but geopolitics unresolved""],""reasoning"":""SPY has surged ~12% in 20 sessions to near/at record highs, leaving momentum strong but short-term stretched. March CPI re-accelerated to 3.3% y/y and 0.9% m/m while jobs rebounded, reducing near-term Fed relief. Earnings expectations are supportive, but Hormuz/Iran risks keep event risk elevated, so staying near current exposure is prudent.""}",,0.98
11,2026-04-23T23:10:32.033757+00:00,SPY,708.41,claude,claude-opus-4-7,SELL,MEDIUM,BULL,"[""SPY extended +10% in 20 sessions near ATH"", ""Iran war oil spike & FOMC April 29 risk"", ""Strong earnings (81% beat) offsets""]","Uptrend intact with solid earnings, but SPY is stretched near all-time highs after a ~10% 20-day run, and pulled back today on Iran war escalation and rising oil. FOMC next week adds event risk. Trim from 98% to 80% to lock gains and retain upside; not flipping bearish.","{""action"":""SELL"",""target_exposure"":0.80,""confidence"":""MEDIUM"",""regime_assessment"":""BULL"",""key_drivers"":[""SPY extended +10% in 20 sessions near ATH"",""Iran war oil spike & FOMC April 29 risk"",""Strong earnings (81% beat) offsets""],""reasoning"":""Uptrend intact with solid earnings, but SPY is stretched near all-time highs after a ~10% 20-day run, and pulled back today on Iran war escalation and rising oil. FOMC next week adds event risk. Trim from 98% to 80% to lock gains and retain upside; not flipping bearish.""}",,0.8
12,2026-04-23T23:10:32.033757+00:00,SPY,708.41,openai,gpt-5.4,HOLD,LOW,CHOPPY,"[""Near-record uptrend but stretched"", ""Jobless claims still stable"", ""Geopolitical/inflation event risk""]","SPY is in a strong 20-session upswing and near highs, but your exposure is already 98%. Fresh macro signals are mixed: claims rose only slightly, suggesting resilience, while Fed/Beige Book caution and Iran-linked inflation/geopolitical risk argue against adding at these levels. Best risk/reward is to hold, not increase.","{""action"":""HOLD"",""target_exposure"":0.98,""confidence"":""LOW"",""regime_assessment"":""CHOPPY"",""key_drivers"":[""Near-record uptrend but stretched"",""Jobless claims still stable"",""Geopolitical/inflation event risk""],""reasoning"":""SPY is in a strong 20-session upswing and near highs, but your exposure is already 98%. Fresh macro signals are mixed: claims rose only slightly, suggesting resilience, while Fed/Beige Book caution and Iran-linked inflation/geopolitical risk argue against adding at these levels. Best risk/reward is to hold, not increase.""}",,0.98
13,2026-04-24T20:48:06.557342+00:00,SPY,713.97,claude,claude-opus-4-7,SELL,MEDIUM,BULL,"[""S&P at record highs on strong tech earnings (Intel, Nvidia $5T)"", ""VIX ~18.8, post-Iran-war lows, risk-on tone"", ""Extended 20-session rally (+12.6%), Iran ceasefire/oil risk""]","Tape is in a clear bull regime: record highs, blowout Intel print, Nvidia reclaiming $5T, falling vol. But SPY has run ~12.6% in 20 sessions into ATHs with lingering Iran ceasefire and oil tail risk. Stay heavily long but trim modestly from 98% to ~92% to bank some gains and keep dry powder.","{
  ""action"": ""SELL"",
  ""target_exposure"": 0.92,
  ""confidence"": ""MEDIUM"",
  ""regime_assessment"": ""BULL"",
  ""key_drivers"": [""S&P at record highs on strong tech earnings (Intel, Nvidia $5T)"", ""VIX ~18.8, post-Iran-war lows, risk-on tone"", ""Extended 20-session rally (+12.6%), Iran ceasefire/oil risk""],
  ""reasoning"": ""Tape is in a clear bull regime: record highs, blowout Intel print, Nvidia reclaiming $5T, falling vol. But SPY has run ~12.6% in 20 sessions into ATHs with lingering Iran ceasefire and oil tail risk. Stay heavily long but trim modestly from 98% to ~92% to bank some gains and keep dry powder.""
}",,0.92
14,2026-04-24T20:48:06.557342+00:00,SPY,713.97,openai,gpt-5.4,HOLD,LOW,BULL,"[""Strong short-term uptrend"", ""Inflation/Fed hold risk"", ""Mega-cap earnings event risk""]","SPY is in a powerful 20-session uptrend near highs, supporting a bullish regime. But claims/PMI show firm activity with rising price pressures, reducing near-term Fed-cut hopes, and next week’s mega-cap earnings could swing the index sharply. With you already ~98% long, risk/reward favors holding, not adding.","{""action"":""HOLD"",""target_exposure"":0.98,""confidence"":""LOW"",""regime_assessment"":""BULL"",""key_drivers"":[""Strong short-term uptrend"",""Inflation/Fed hold risk"",""Mega-cap earnings event risk""],""reasoning"":""SPY is in a powerful 20-session uptrend near highs, supporting a bullish regime. But claims/PMI show firm activity with rising price pressures, reducing near-term Fed-cut hopes, and next week’s mega-cap earnings could swing the index sharply. With you already ~98% long, risk/reward favors holding, not adding.""}",,0.98
15,2026-04-27T20:50:15.484859+00:00,SPY,715.165,claude,claude-opus-4-7,SELL,MEDIUM,BULL,"[""FOMC meeting Apr 28-29 with no cut expected"", ""SPY +13% in 20 sessions, overextended"", ""Iran/Hormuz geopolitical uncertainty""]","Trend is bullish with fresh all-time highs, but SPY has rallied ~13% in a month and faces a key FOMC event risk tomorrow where no cut is expected. Trimming from 98% to 85% locks in gains and creates dry powder for any post-Fed dip while keeping core long exposure to the uptrend.","{
  ""action"": ""SELL"",
  ""target_exposure"": 0.85,
  ""confidence"": ""MEDIUM"",
  ""regime_assessment"": ""BULL"",
  ""key_drivers"": [""FOMC meeting Apr 28-29 with no cut expected"", ""SPY +13% in 20 sessions, overextended"", ""Iran/Hormuz geopolitical uncertainty""],
  ""reasoning"": ""Trend is bullish with fresh all-time highs, but SPY has rallied ~13% in a month and faces a key FOMC event risk tomorrow where no cut is expected. Trimming from 98% to 85% locks in gains and creates dry powder for any post-Fed dip while keeping core long exposure to the uptrend.""
}",,0.85
16,2026-04-27T20:50:15.484859+00:00,SPY,715.165,openai,gpt-5.4,HOLD,LOW,BULL,"[""Strong uptrend/new highs"", ""FOMC starts Apr 28 with hold expected"", ""Mega-cap earnings risk this week""]","SPY is in a powerful short-term uptrend with consecutive record highs, supporting a bullish regime. But you are already ~98% invested, and the next hold spans an event-heavy window: the April 28-29 FOMC meeting is widely expected to hold rates, while major tech earnings this week could raise volatility. Edge favors staying put, not adding.","{""action"":""HOLD"",""target_exposure"":0.98,""confidence"":""LOW"",""regime_assessment"":""BULL"",""key_drivers"":[""Strong uptrend/new highs"",""FOMC starts Apr 28 with hold expected"",""Mega-cap earnings risk this week""],""reasoning"":""SPY is in a powerful short-term uptrend with consecutive record highs, supporting a bullish regime. But you are already ~98% invested, and the next hold spans an event-heavy window: the April 28-29 FOMC meeting is widely expected to hold rates, while major tech earnings this week could raise volatility. Edge favors staying put, not adding.""}",,0.98
17,2026-04-28T20:53:36.664859+00:00,SPY,711.68,claude,claude-opus-4-7,SELL,MEDIUM,BULL,"[""FOMC + mega-cap earnings event risk this week"", ""Overbought after ~9.5% 20-day rally to record highs"", ""Iran ceasefire deadline geopolitical risk""]","Trend is bullish (record closes, strong Q1 earnings beats), but SPY has surged ~9.5% in 20 sessions into an event-heavy week: FOMC Apr 28-29 (hold expected, hawkish risk on sticky inflation), MSFT/META/AAPL/AMZN/GOOGL earnings, and Iran deadline. Trim from 98% to 85% to bank gains and reserve dry powder.","{
  ""action"": ""SELL"",
  ""target_exposure"": 0.85,
  ""confidence"": ""MEDIUM"",
  ""regime_assessment"": ""BULL"",
  ""key_drivers"": [""FOMC + mega-cap earnings event risk this week"", ""Overbought after ~9.5% 20-day rally to record highs"", ""Iran ceasefire deadline geopolitical risk""],
  ""reasoning"": ""Trend is bullish (record closes, strong Q1 earnings beats), but SPY has surged ~9.5% in 20 sessions into an event-heavy week: FOMC Apr 28-29 (hold expected, hawkish risk on sticky inflation), MSFT/META/AAPL/AMZN/GOOGL earnings, and Iran deadline. Trim from 98% to 85% to bank gains and reserve dry powder.""
}",,0.85
18,2026-04-28T20:53:36.664859+00:00,SPY,711.68,openai,gpt-5.4,HOLD,LOW,CHOPPY,"[""FOMC decision due Apr 29"", ""Hot March CPI (3.3% YoY, 0.9% MoM)"", ""SPY extended after sharp 20-day run""]","With SPY already at 98% exposure, risk/reward is balanced into the April 28-29 FOMC event. March CPI re-accelerated to 3.3% YoY and 0.9% MoM, keeping policy uncertainty elevated, while price sits near recent highs after a steep rally. Best next-day close-to-close stance is to maintain, not add.","{""action"":""HOLD"",""target_exposure"":0.98,""confidence"":""LOW"",""regime_assessment"":""CHOPPY"",""key_drivers"":[""FOMC decision due Apr 29"",""Hot March CPI (3.3% YoY, 0.9% MoM)"",""SPY extended after sharp 20-day run""],""reasoning"":""With SPY already at 98% exposure, risk/reward is balanced into the April 28-29 FOMC event. March CPI re-accelerated to 3.3% YoY and 0.9% MoM, keeping policy uncertainty elevated, while price sits near recent highs after a steep rally. Best next-day close-to-close stance is to maintain, not add.""}",,0.98
19,2026-04-29T20:50:36.585448+00:00,SPY,711.59,claude,claude-opus-4-7,HOLD,LOW,CHOPPY,[],,,"AuthenticationError: Error code: 401 - {'type': 'error', 'error': {'type': 'authentication_error', 'message': 'invalid x-api-key'}, 'request_id': 'req_011CaYitCqEA83VwaMqdtKJe'}",0.0
20,2026-04-29T20:50:36.585448+00:00,SPY,711.59,openai,gpt-5.4,HOLD,LOW,CHOPPY,"[""SPY near ATH after sharp run"", ""Fed hold/higher-for-longer pressure"", ""Mega-cap earnings + GDP/PCE event risk""]","Trend is still up, but SPY is extended after a fast 20-session climb and closed flat near highs. Fed-sensitive yields rose as rate-cut bets faded, oil/geopolitics add noise, and major tech earnings plus Thursday GDP/PCE create two-way overnight risk. Stay heavily invested but trim slightly from 98%.","{""action"":""HOLD"",""target_exposure"":0.95,""confidence"":""LOW"",""regime_assessment"":""CHOPPY"",""key_drivers"":[""SPY near ATH after sharp run"",""Fed hold/higher-for-longer pressure"",""Mega-cap earnings + GDP/PCE event risk""],""reasoning"":""Trend is still up, but SPY is extended after a fast 20-session climb and closed flat near highs. Fed-sensitive yields rose as rate-cut bets faded, oil/geopolitics add noise, and major tech earnings plus Thursday GDP/PCE create two-way overnight risk. Stay heavily invested but trim slightly from 98%.""}",,0.95
